145,https://clusterfuzz-external.appspot.com/download/AMIfv94_qFRLIqXNvDfiPsgksKiw2yazpWZFBaeywPBxSYgrLo3SNgEoWtwRWhwX1687ibikWpYMaJbsCMzk3hvwAZ1ueepbh4KvnkYE_CyV13emKsU6JdBSnTQtlzRhcHCyFRFrGtKvWiFqY3KZI04bBeM745Gz2jhTX3003UC68waMO8CIKl8?testcase_id=4975496261533696
152,https://clusterfuzz-external.appspot.com/download/AMIfv94CulXdH98aDz4xZOasZ7B-yDe-6Y14SHp5HTGrEbfLWFaKl-tt2_jFgQQg9vvbqiyHiGITeOdJnr7G2LzZg6UZQwrkuXWZNZfXQ5XLg8VOWtnzfHBunxPADY-oMC7VCoH8PZ6ZFq4k2nYrPRn3hT9RKDPX-Cu5J6G-8vAYe5u_KjhE38M?testcase_id=6574689241530368
190,https://clusterfuzz-external.appspot.com/download/AMIfv97kozQSItPZxPUgNlxugkNfg8KoqBcrwQi53h-0tWgSFBHulexk29l0-A7nqvsnADmfjxeLQn-MSB58Zg17lULTn-22TczwjI0OmTozPzvbvNF-hehj9eiQ_SuC5TfnXxuAqu16Yv5_WmJ-oek9bxVN0BVbJ6EyeP6HlH7NxTN9EKvi8Fk?testcase_id=4809124822908928
191,https://clusterfuzz-external.appspot.com/download/AMIfv97z47mg_XWsdAfM_UQnT8Y5hgEKDSX7k-QfNZ0ryR0ecZLY5SfxUyRYfoO0BVSlRbgnc71CRcPDGsPPOiUxvNcYS2m31dj9x5gd9tuXnD88hgcllVgdrtjZ1pQoWKeKtS2X2XXcfEW606mXVFtivcJlGpf5uSpPCPghJJKLjydpzjfcVjA?testcase_id=4591448766808064
220,https://clusterfuzz-external.appspot.com/download/AMIfv97_ZqKKm4nKLyLKoLWU0YG9p_-nk8Siq10-96C2b8lZtTTqJV5UM2zdmIgi-1zkFKnvk6GTWX23uMAyIMd4tzatYC6xn5HNuBTOKzL05nEvYVP9al0WhEIb6fxcqwcpLr5YlIT2jperzgfHeZh4dQ_oAGaRo97wU4oXvJ1skdTEg2JeYfA?testcase_id=5818660174168064
227,https://clusterfuzz-external.appspot.com/download/AMIfv95zplQo5xeycyrhu6HxsvLbEfwz0RFJeNK_lxpGMwoEDwLhOyNS7x3Jdfn35YcYxLWwbURZo84CwmmVDIUIvia48izRNuHVbgxKip8AN8JN__SgF1XZ8WPXLUxWMtdaeNCFQuptRShxMrYG4YUiSKgBHnpdnaGGSnu4JYXZ6ashkgoDK7k?testcase_id=4513803878268928
230,https://clusterfuzz-external.appspot.com/download/AMIfv9425A-HlZ0FToHdNTJbNWX7DAMQg11y8poL_7tJzMdkjca1KVH7STE5Q77iAiJkJcgyaJl-4ocWwjUcdiHpH_UiCfHcSjgW-sXG7RLy0D-kroWLchNfT1Jg4LqvqxS2JjnizkUwYSWSgtQ7d57DLD0x-1K5mlYr1V6eVO3gL656YVEB-HY?testcase_id=5420886341451776
232,https://clusterfuzz-external.appspot.com/download/AMIfv95COF0_jgrtoI1Rv7AW2KS-UgbR79Y7ULk0_rcl6qg2BBPNic92SebupUrXkkX3dAyqTJ6Cs7C4XD98ztKkG4tUcC4WWjYudAh1NddSkgo5iDrITpxenX8dpmQeL7T3OPJStqwRM676EAJgPv5XxshR_30mie1_BK5d_od6gNuGcky3pro?testcase_id=5805529922273280
234,https://clusterfuzz-external.appspot.com/download/AMIfv97FWVpXcQBXV84J-PZMWp4jzw2KksfwztqOnADZWsyETaZ9Vk40KpXcLNZcXfnI0w4x8lKPB7AVQ3m9daP3JLAgtDG0JR4cenKYfX47sU61_d7kzQrUpZ57Yl6A7RvyQapFu6GC09pJ96wexBY0SlJNbL-7EWxMW3CsVbeMgfXSBk9Mo30?testcase_id=5848702396661760
235,https://clusterfuzz-external.appspot.com/download/AMIfv94_1RJh3I8y-W7qhikDJC38eeiDIMWIMztkDCnJu_lU-RFPzO2s7OiKyTyRfeknOo8E9gInlyeSYE8a0pxR_Crizss-BJjmHiCAd9nz9_oAy9WvqUBW6cyiEnZd-qy4ixmtxBzGrvF65US_kpW1k4H6_X5f6c39WQzAKVuQ83qapWFyTcQ?testcase_id=5879290751090688
237,https://clusterfuzz-external.appspot.com/download/AMIfv94WVxy83a4QhS8prVecrJdZ0M0nCjmLjEVPNDFzvJYu80GC4fQ9KYdvKz2qhxytdAVO4umzOXXBFG8dOvbi4L68Uzn8wG4Z1ai5Vt279isxFYfCx7GI-wAyG2_JETMa4X3Kpt7xfhlZbQSOFzhEVqpFi5eBt5w8q-ZSfcGtr-cd3GET6uI?testcase_id=6462609050042368
239,https://clusterfuzz-external.appspot.com/download/AMIfv973rwRonSOwgwEkYoCjC0hMsyp72hJjLuxIfK4Vyh7eptLo9PHDwp0y4vk7KBmZf3IpSS9csTlpQwFqZnpHOPw8NFHA8H5REnBXKA-WDPbs4Z4CVVCai4wLz8z_nC7efgZBsBblbB6x3qAPVDaNHvCSQk4JXn15TrVj_fxJhdow2fmVwA0?testcase_id=6616247009542144
286,https://clusterfuzz-external.appspot.com/download/AMIfv965phua1KVQQHFYPQ5UfGf41nGBm92Vx_H5wiCOQvBOm9omH9_0D1pJ34NC4x6r9v3LhvBPEf1tPo0pYYPOnS4tVs8qWzXtgOYQP3nvUi8bm5wijzWwinP-FvKihxvIDnMCNJ4yizqXOxGUjxVbku4MxdWdJTx3TgaLn82rcI-EFWjnjww?testcase_id=5906426891337728
335,https://clusterfuzz-external.appspot.com/download/AMIfv94IkicmwdGk-pWfJcxFWZ2lE5Bwdm08FXEsQgQE0OE7izMFlCmdzexLyp6eCCpj284TjrlwGQcgZphbyXplW9HU1XlF6aOufmMnZwhbU9EbPcEXjW_R1lnnsW9hxG-C67EDsik70UH6BXmiBBFd6uyHUR4QGay6kohH2zd2Ezqcc8C--gI?testcase_id=6424648870789120
359,https://clusterfuzz-external.appspot.com/download/AMIfv96_uHty_0C56hC9UBIjveWCI1NF4YBhwtekcUUJdDg_rrGVekt-PBkoyOuG1HJPXm4bQqW0tP888P1VbGY8hCL_Iut_5sc7hrQhxQMDKTk_SyA6jH85SWfi0Egyf4fQtPPc4F6rM7l_8b7574O0fumnzE--qnWvaw69YvD2FwYDxFDaMohDIkBNyKSAw_HVcVARcScwzxO_rSuxzasrpOSzOniHyONaCiNtvfxQZVdyAdP_dozWv-5e-0UW19TEd5zUckF5rHGPcgODboAtKe2iHRnR9wdU6RDjP4A2he8vwiE1KRS_Fe871x8fSNAza-K16tuKBbqPVPVfseM-DOM7S-KWDn1nsu-09Uzu5Ep5FYJhXLMXv1Q_UJOeFMV-rBpmCo7Q?testcase_id=5206842787495936
421,https://clusterfuzz-external.appspot.com/download/AMIfv94ESavOfe7hbRkwOFJj0POa3j-tNFcPHLtYvANtc_mLkKHWeP6wMG3oOmLcrnAToM3Ja-TjiENDgFacIJXRh2KvYLMJEuFtjvMGa0LpelKViboka_0zpfBrX3NNuidKDL1QGpP7veMKTDtBMMmUzfblKqQwzrkwzOC4eyZ-8skMfoQonwfbBWwPbIh-iQvjz1w4AXRrqLuP8F_1GuoL0Br6pqtYT7Mq06u85qTfM31jDZGy5qIN3Z8o8zSMiDnBkLtqsAhJoKT0R7hsOIzvv5KiD56zv2fDI5W_-LuROs3XMmUmmKvK3FwHZ7TIu0VQqHrp-e4FDEhigYm8_0CwZjGMIl6Rxf1hx3BWs6P2ghT2T5f5H73bta-G0dUHTkA24BLOFcwGLQMTGHNJuyE8a__7UB1-6QugswNhKQC6sGUYBeVglsQ?testcase_id=4757148957409280
422,https://clusterfuzz-external.appspot.com/download/AMIfv94prRCCD9q0H-cX0raH9SLRYz59OdJUNRQhG2Sltn_5WF5KLUxHFtgzl1NHKeJso26aHfD16IgRc85aQLWKhW4SPRv9W9Ikvt3BDuWLJvv5tXdM0T46Y8uQutk159KR4y3rY-F5-5X1gEqmi4LbeyYKgq2jYzmwakgdfdIOtxdO7L1RoRvCB2gAJ1fMmaoaGY-ihAg8ynPKOZt1AuMsNu7cIYzYsYf03KFCg6pquuI8FekJy5roX91NP0QumgO28V6cUzwQwys20h7S72SORSWPaAjatPXOsk_WziHo57v51Ig397s9FnAcBFjmzhWIs4C0veMhhdO0tYLIbWg-gBfZtnuRhtYcv2PqCtX9wjHT-Ki_KCwL_aw-lf1jD7NUJc36CPA2BGFPBSmIDuv2KJTDcHBKk5b3_5KZ2pkcGwT3FBXD_SU?testcase_id=6049523541475328
443,https://clusterfuzz-external.appspot.com/download/AMIfv95rzGkf0xP-BAckV6_I9UyY2kYKWePRm88O5PyoK9SI_hftDzqoV_40MmRMdRsr7M2q4RTy5drMMjBrfMy1Ot6jdAkGbVXqFKZrsUMHRp7SIKnGs6lEfUe9GCaRL0XN2yhLb2i7EBcVDZo-H890ZmwkTnQYtTQPD43HV9IPgQnnWUGEMP307A3lk4cWnUOND4XQd6ITYYF15Am-BPgYNoUgBq5LTV3-JSMGcKz7-3pcXXnsWZ8taiSlT764kvjcnKAQzp1bzj1GtnrnDy3neeausjacDxiS1-MaT2GeuTUJA8TZ2jtSgnpzO-bEcbKp0rXdJHvy4W5vGdAQaiCxrCPtPn04-me1xVIuR3CqTjtnaiPjPvESh9JQWgiuTWHp4nBkQTJU?testcase_id=4619748121772032
451,https://clusterfuzz-external.appspot.com/download/AMIfv97S-99uGgPE22XbpOEzac7-kX1uaAiBnirqBe1sp7Y2HpQGlSbbGWUESowBu_ktsGikEhoXu5BA_Fx650o2yjlYtFgkXh69K_25IQhfKvZpbUZruKrvoeiTc-MIOwjVX_tuID77t2HgrNhpblWJ5563dGh2uxvDe7y-oeMexnAyJnhYOqQwY1DqnG5XjT3jeyJ8mUBQlkTtBRoOK42No-d3D8CpDMLpMUlRBErt-5kxcnLWM7mZ10wuv1kLvOqFuTJUsjEYz46IiG5MDUfu3xEbEUBPyOkPKzoepGefmjZl5QEYSyLT_QU-MhrUFyfOFznzCuAaMHJn3mj1XlHzR22ms_E1YnFRyOP_DGW4x2vahV2lPvrBgWTAQU1sN60rBnKg3n56?testcase_id=5892505308495872

